epoch,accuracy,loss,val_accuracy,val_loss
1,0.16531083,3.5752333092911104,0.25772953,2.797433745964116
