epoch,accuracy,loss,val_accuracy,val_loss
1,0.041,10.981081681251526,0.037,5.762272832393646
