epoch,accuracy,loss,val_accuracy,val_loss
1,0.24776514,2.431464287388536,0.26414964,2.2337624504518097
2,0.26341265,2.2772813777509233,0.26414964,2.2308420434121783
