epoch,accuracy,loss,val_accuracy,val_loss
1,0.06,3.451453423500061,0.0,3.0861203193664553
