epoch,accuracy,loss,val_accuracy,val_loss
1,0.25746286,2.4479139927273175,0.26414964,2.2336839698577133
2,0.2630246,2.2740311690890063,0.26414964,2.233728131574581
3,0.2634992,2.2631480925083896,0.26414964,2.232477724380383
